id;tittle;text;status;timestamp
1;Tactics;scale interactive generating;Specialist Home Loan Account;Plastic
2;Car Industrial deliverables;orange Books;magenta monitor 1080p;Unbranded Plastic Tuna Frozen
3;generating Highway Ergonomic;moratorium moratorium;New York tangible Mississippi;Frozen bus
4;hard drive Robust Networked;Poland;Small partnerships;Outdoors
5;Harbor Montana;Corporate Phased relationships;white Brand Money Market Account;Salad Web virtual
6;Refined Squares;maroon;EXE projection Fresh;support Gorgeous
7;withdrawal;copying;ability Hat Iraq;magenta Concrete
8;User-centric Gloves;Mauritania;facilitate Tasty Concrete Chips Exclusive;Buckinghamshire capability zero tolerance
9;mission-critical;Berkshire Small Plastic Pants Investor;Canadian Dollar;Berkshire Designer
10;Credit Card Account;navigate;Re-contextualized;web-enabled invoice withdrawal
