id;nickname;name;last_name;status
1;mobile Fish;Home Loan Account Table Computer;Beer;45924
2;seamless Metal deposit;Producer;Sipes;93855
3;Electronics;Soap methodology Albania;Keeling;2306
4;Namibia;Steel zero administration;Hickle;23277
5;Licensed Savings Account;Cambridgeshire Mississippi;Beahan;85994
6;Yuan Renminbi Centers;Factors;Wintheiser;56328
7;envisioneer Music Public-key;infomediaries;Cartwright;60999
8;backing up Salad;Digitized invoice;Hagenes;42515
9;sky blue Georgia;Facilitator;Ryan;44975
10;e-enable Communications capacitor;Awesome;Dietrich;52083
